{"test_b_acc": 0.7563161717711362, "test_g_mean": 0.7350459048149465, "test_f1": 0.7268621810573859}