{"avg_auc_roc": 0.9325957788473467, "avg_b_acc": 0.7184371634532933, "avg_g_mean": 0.6958491380326717, "avg_f1_score": 0.6804276025155837}