{"avg_auc_roc": 0.923075455808194, "avg_b_acc": 0.7608570648291064, "avg_g_mean": 0.7528826756738761, "avg_f1_score": 0.6991731276938439}