{"avg_auc_roc": 0.9191282504263965, "avg_b_acc": 0.7036385502932689, "avg_g_mean": 0.6685809485867111, "avg_f1_score": 0.6695003575053902}