{"avg_auc_roc": 0.9460236243613707, "avg_b_acc": 0.814169490441701, "avg_g_mean": 0.8033428172384669, "avg_f1_score": 0.7681223698847589}