{"avg_auc_roc": 0.9348955489650003, "avg_b_acc": 0.722505184935929, "avg_g_mean": 0.6943082241411281, "avg_f1_score": 0.6883866395675614}