{"test_b_acc": 0.720805632061825, "test_g_mean": 0.6016446649544822, "test_f1": 0.6453053819975677}