{"avg_auc_roc": 0.9375525822301759, "avg_b_acc": 0.7563161717711362, "avg_g_mean": 0.7350459048149465, "avg_f1_score": 0.7268621810573859}