{"test_b_acc": 0.814169490441701, "test_g_mean": 0.8033428172384669, "test_f1": 0.7681223698847589}