{"avg_auc_roc": 0.9231963908964438, "avg_b_acc": 0.7708455367285824, "avg_g_mean": 0.7643577090023392, "avg_f1_score": 0.7093308853068758}