{"avg_auc_roc": 0.9222373677587623, "avg_b_acc": 0.7333299277346592, "avg_g_mean": 0.703552913733696, "avg_f1_score": 0.7008464283050476}