{"avg_auc_roc": 0.9340532497117368, "avg_b_acc": 0.740613013179965, "avg_g_mean": 0.7147670160042555, "avg_f1_score": 0.7040283591199724}