{"avg_auc_roc": 0.9445255852774401, "avg_b_acc": 0.7978578784339448, "avg_g_mean": 0.781891278776905, "avg_f1_score": 0.7589496035164291}