{"test_b_acc": 0.7978578784339448, "test_g_mean": 0.781891278776905, "test_f1": 0.7589496035164291}