{"test_b_acc": 0.7123011717217697, "test_g_mean": 0.5863577149224111, "test_f1": 0.6429068833596551}