{"test_b_acc": 0.7589188538223308, "test_g_mean": 0.7365696214577528, "test_f1": 0.7356389101071865}