{"avg_auc_roc": 0.9349136372933332, "avg_b_acc": 0.7390391985220189, "avg_g_mean": 0.7170088768540367, "avg_f1_score": 0.7057453033272423}