{"avg_auc_roc": 0.9391497312406925, "avg_b_acc": 0.7589188538223308, "avg_g_mean": 0.7365696214577528, "avg_f1_score": 0.7356389101071865}