{"avg_auc_roc": 0.8853029485598072, "avg_b_acc": 0.7211590170743225, "avg_g_mean": 0.6983541180058508, "avg_f1_score": 0.6605811777733048}