{"avg_auc_roc": 0.8909586507542929, "avg_b_acc": 0.7636475641570628, "avg_g_mean": 0.738712085725298, "avg_f1_score": 0.6665512459219383}