{"avg_auc_roc": 0.8930774247120379, "avg_b_acc": 0.700915813438216, "avg_g_mean": 0.6649614496451344, "avg_f1_score": 0.6323934240231767}