{"avg_auc_roc": 0.8989814822262614, "avg_b_acc": 0.6985246903194571, "avg_g_mean": 0.6703107348221059, "avg_f1_score": 0.6417457619055951}