{"avg_auc_roc": 0.8858632074393776, "avg_b_acc": 0.7010131019368565, "avg_g_mean": 0.6623160275345068, "avg_f1_score": 0.630755914463658}