{"avg_auc_roc": 0.9004534184028605, "avg_b_acc": 0.7145498635728549, "avg_g_mean": 0.6854384824494661, "avg_f1_score": 0.6512743485998082}