{"avg_auc_roc": 0.941026867121239, "avg_b_acc": 0.7642644570643957, "avg_g_mean": 0.7402574369394969, "avg_f1_score": 0.7477608034819616}