{"test_b_acc": 0.7452118893407794, "test_g_mean": 0.6314186378885749, "test_f1": 0.6359858359665629}