{"test_b_acc": 0.789938016478546, "test_g_mean": 0.7777362524078677, "test_f1": 0.7159245968193831}