{"avg_auc_roc": 0.9326154028733921, "avg_b_acc": 0.7822065055333528, "avg_g_mean": 0.7735787259199925, "avg_f1_score": 0.7101919315961989}