{"avg_auc_roc": 0.9385479817584119, "avg_b_acc": 0.789938016478546, "avg_g_mean": 0.7777362524078677, "avg_f1_score": 0.7159245968193831}