{"avg_auc_roc": 0.9391830115547138, "avg_b_acc": 0.7929651602107949, "avg_g_mean": 0.7833921186542989, "avg_f1_score": 0.7333208194735265}