{"avg_auc_roc": 0.937223017169651, "avg_b_acc": 0.7529701290795049, "avg_g_mean": 0.731851719136477, "avg_f1_score": 0.7116562985854589}