{"avg_auc_roc": 0.9256843595555168, "avg_b_acc": 0.7619564690254433, "avg_g_mean": 0.7463820431608994, "avg_f1_score": 0.6939458265384549}