{"avg_auc_roc": 0.9199484266215638, "avg_b_acc": 0.7321900248199598, "avg_g_mean": 0.7034650477085407, "avg_f1_score": 0.6973032137245287}