{"avg_auc_roc": 0.918277861005938, "avg_b_acc": 0.7631107908710448, "avg_g_mean": 0.7524445106655123, "avg_f1_score": 0.698238008004762}