{"avg_auc_roc": 0.951052959391278, "avg_b_acc": 0.8265205537498026, "avg_g_mean": 0.812340669746991, "avg_f1_score": 0.7805444926885514}