{"avg_auc_roc": 0.9421416570915435, "avg_b_acc": 0.8329768400325008, "avg_g_mean": 0.8234437377898092, "avg_f1_score": 0.7625919766012453}