{"test_b_acc": 0.8329768400325008, "test_g_mean": 0.8234437377898092, "test_f1": 0.7625919766012453}