{"avg_auc_roc": 0.9380731627005767, "avg_b_acc": 0.747482848055842, "avg_g_mean": 0.7212390188216425, "avg_f1_score": 0.7133446270293341}