{"avg_auc_roc": 0.9287187464517916, "avg_b_acc": 0.7534534558698623, "avg_g_mean": 0.74082078343273, "avg_f1_score": 0.6908215612964603}