{"avg_auc_roc": 0.9368319642452192, "avg_b_acc": 0.7839033227209785, "avg_g_mean": 0.7758295582689798, "avg_f1_score": 0.7273608160086589}