{"avg_auc_roc": 0.9130589741804442, "avg_b_acc": 0.6959766333123905, "avg_g_mean": 0.6596518399356375, "avg_f1_score": 0.6615475456631044}