{"avg_auc_roc": 0.9243113329471075, "avg_b_acc": 0.6873238930246458, "avg_g_mean": 0.6492121245554765, "avg_f1_score": 0.6525062228566794}