{"avg_auc_roc": 0.9101733022953524, "avg_b_acc": 0.6947606937017559, "avg_g_mean": 0.6559417041007257, "avg_f1_score": 0.6603730806421959}