{"test_b_acc": 0.7680756904465235, "test_g_mean": 0.7469803327414601, "test_f1": 0.7372947276227985}