{"test_b_acc": 0.8317845147401192, "test_g_mean": 0.824021213802658, "test_f1": 0.7934080056988677}