{"avg_auc_roc": 0.9201019645284563, "avg_b_acc": 0.7132886053870232, "avg_g_mean": 0.6864159593006188, "avg_f1_score": 0.685711324994253}