{"avg_auc_roc": 0.936045238043792, "avg_b_acc": 0.7313072865994162, "avg_g_mean": 0.706266695923747, "avg_f1_score": 0.6952563012655004}