{"avg_auc_roc": 0.9349353265649197, "avg_b_acc": 0.7135324944777554, "avg_g_mean": 0.6852519061633755, "avg_f1_score": 0.6837854490633747}