{"avg_auc_roc": 0.9353084802750855, "avg_b_acc": 0.7386361782951469, "avg_g_mean": 0.7184489822827619, "avg_f1_score": 0.7051282913629274}