{"avg_auc_roc": 0.9417532360724362, "avg_b_acc": 0.7680756904465235, "avg_g_mean": 0.7469803327414601, "avg_f1_score": 0.7372947276227985}