{"avg_auc_roc": 0.9318754930282764, "avg_b_acc": 0.7243141674259499, "avg_g_mean": 0.699945753201715, "avg_f1_score": 0.6915804948255024}