{"avg_auc_roc": 0.941101316842361, "avg_b_acc": 0.7710095906752162, "avg_g_mean": 0.7513849628521491, "avg_f1_score": 0.7426046831871245}