{"avg_auc_roc": 0.9376317207052765, "avg_b_acc": 0.790538000602008, "avg_g_mean": 0.7812657052798496, "avg_f1_score": 0.7346866402199327}