{"avg_auc_roc": 0.9514976873905685, "avg_b_acc": 0.8317845147401192, "avg_g_mean": 0.824021213802658, "avg_f1_score": 0.7934080056988677}