{"avg_auc_roc": 0.949815646632705, "avg_b_acc": 0.8191847479030642, "avg_g_mean": 0.8054673371932088, "avg_f1_score": 0.7850953579667943}