{"avg_auc_roc": 0.9218976464104817, "avg_b_acc": 0.7085261696009814, "avg_g_mean": 0.672504417131121, "avg_f1_score": 0.6810552795584778}