{"test_b_acc": 0.7171329306183285, "test_g_mean": 0.5846019746170446, "test_f1": 0.6364311259509666}