{"avg_auc_roc": 0.9290694218311876, "avg_b_acc": 0.7209280432492066, "avg_g_mean": 0.6891006946669369, "avg_f1_score": 0.6996325911698376}