{"avg_auc_roc": 0.9312109052099287, "avg_b_acc": 0.7233212552435246, "avg_g_mean": 0.6850722870313705, "avg_f1_score": 0.6961925985800371}