{"avg_auc_roc": 0.9191824002592665, "avg_b_acc": 0.7218716433381804, "avg_g_mean": 0.6929329769277033, "avg_f1_score": 0.6851190925358089}