{"avg_auc_roc": 0.940220771554548, "avg_b_acc": 0.7331144782376283, "avg_g_mean": 0.7091440326819418, "avg_f1_score": 0.724543442429173}