{"test_b_acc": 0.7301476970078771, "test_g_mean": 0.6076674300532676, "test_f1": 0.6641139861552521}