{"test_b_acc": 0.770601923987146, "test_g_mean": 0.746343857041939, "test_f1": 0.7681995976672291}