{"avg_auc_roc": 0.9202001590566111, "avg_b_acc": 0.7052783961770597, "avg_g_mean": 0.6654230214710763, "avg_f1_score": 0.6822978380149312}