{"test_b_acc": 0.8132158496616484, "test_g_mean": 0.7967250932027894, "test_f1": 0.8092089108119431}