{"avg_auc_roc": 0.9512444321416371, "avg_b_acc": 0.8132158496616484, "avg_g_mean": 0.7967250932027894, "avg_f1_score": 0.8092089108119431}