{"avg_auc_roc": 0.9443176987182055, "avg_b_acc": 0.770601923987146, "avg_g_mean": 0.746343857041939, "avg_f1_score": 0.7681995976672291}