{"avg_auc_roc": 0.9231204190639944, "avg_b_acc": 0.6901571885631489, "avg_g_mean": 0.6438793985415626, "avg_f1_score": 0.6602602169395205}