{
    "acc": 0.3611111111111111,
    "roc_auc": 0.8014216183212451,
    "f1_macro": 0.1863613267847584,
    "f1_micro": 0.3103760761214318,
    "prec_macro": 0.3636394700807083,
    "prec_micro": 0.49241214057507987,
    "rec_macro": 0.14533798083979083,
    "rec_micro": 0.22660442549437623,
    "f1_labels": [
        0.265359477124183,
        0.308890330953926,
        0.0010982976386600767,
        0.028955532574974144,
        0.5199479618386816,
        0.3929618768328446,
        0.022321428571428572,
        0.0,
        0.2906305506216696,
        0.2376910016977929,
        0.1384373361300472,
        0.018628281117696866,
        0.0,
        0.384136499884713
    ],
    "prec_labels": [
        0.4645308924485126,
        0.5042372881355932,
        0.16666666666666666,
        0.3333333333333333,
        0.5251861585632939,
        0.5473856209150327,
        0.38461538461538464,
        0.0,
        0.45200276243093923,
        0.4605263157894737,
        0.4647887323943662,
        0.2894736842105263,
        0.0,
        0.49820574162679426
    ],
    "rec_labels": [
        0.18572735590118938,
        0.2226379794200187,
        0.0005509641873278236,
        0.015135135135135135,
        0.514813224559897,
        0.30649588289112534,
        0.011494252873563218,
        0.0,
        0.21416884816753926,
        0.16018306636155608,
        0.08133086876155268,
        0.009623797025371828,
        0.0,
        0.3125703564727955
    ],
    "hamm_loss": 0.0764516777175005,
    "jaccard_samples": 0.13773780687458606
}