{"acc": 0.3629473355211752, "roc_auc": 0.800090119527323, "f1_macro": 0.15951499215960108, "f1_micro": 0.2844580089491245, "prec_macro": 0.38552449162600133, "prec_micro": 0.4799685781618225, "rec_macro": 0.12062876267011742, "rec_micro": 0.20212453135337793, "f1_labels": [0.29067603886706633, 0.10972568578553618, 0.008588298443370905, 0.18235642391947895, 0.493800409293367, 0.2743177046885934, 0.0, 0.0, 0.3309382484640217, 0.29913860610806575, 0.05023364485981309, 0.0017467248908296944, 0.003590664272890485, 0.18809744064138142], "prec_labels": [0.45121951219512196, 0.4925373134328358, 0.16666666666666666, 0.20157068062827224, 0.5620718004932859, 0.5833333333333334, 0.0, 0.0, 0.4551704382698367, 0.4739454094292804, 0.48314606741573035, 0.5, 0.5, 0.527681660899654], "rec_labels": [0.21439463250991156, 0.0617399438727783, 0.004407713498622589, 0.16648648648648648, 0.4403177329325891, 0.17932296431838976, 0.0, 0.0, 0.2599803664921466, 0.21853546910755148, 0.02649414664202095, 0.0008748906386701663, 0.0018018018018018018, 0.11444652908067542], "hamm_loss": 0.0772023530462349, "jaccard_samples": 0.1207682189925509}