{
    "acc": 0.3832630098452883,
    "roc_auc": 0.7957359323182395,
    "f1_macro": 0.09923737039460383,
    "f1_micro": 0.14411503864183453,
    "prec_macro": 0.3975059639661594,
    "prec_micro": 0.5210719193770041,
    "rec_macro": 0.06023340904666905,
    "rec_micro": 0.0836212600161729,
    "f1_labels": [
        0.16704747397816705,
        0.19158878504672894,
        0.021795537104307212,
        0.022703818369453045,
        0.2989605675631084,
        0.15136876006441222,
        0.0,
        0.0,
        0.07534246575342465,
        0.21523472099202834,
        0.1338063862138875,
        0.0034934497816593887,
        0.0,
        0.107981220657277
    ],
    "prec_labels": [
        0.4984848484848485,
        0.5720930232558139,
        0.1875,
        0.25,
        0.6457590876692801,
        0.6308724832214765,
        0.0,
        0.0,
        0.41887417218543044,
        0.4764705882352941,
        0.37714285714285717,
        1.0,
        0.0,
        0.5078864353312302
    ],
    "rec_labels": [
        0.1003354681305276,
        0.11506080449017773,
        0.011570247933884297,
        0.011891891891891892,
        0.19450407900386432,
        0.08600182982616651,
        0.0,
        0.0,
        0.04139397905759162,
        0.13901601830663615,
        0.08133086876155268,
        0.0017497812773403325,
        0.0,
        0.060412757973733584
    ],
    "hamm_loss": 0.07540798785524525,
    "jaccard_samples": 0.044567789609983706
}