{"acc": 0.36411939365525864, "roc_auc": 0.8006761675494631, "f1_macro": 0.18908609930217413, "f1_micro": 0.32483873341345565, "prec_macro": 0.33846012168202283, "prec_micro": 0.48816807961666053, "rec_macro": 0.1489299436639014, "rec_micro": 0.24340219069322944, "f1_labels": [0.23987182421606773, 0.2809917355371901, 0.0010989010989010987, 0.04435483870967742, 0.4901865762054762, 0.4528688524590164, 0.0, 0.0, 0.416545095683515, 0.22057541412380124, 0.19743711438063596, 0.02335279399499583, 0.0, 0.2799222438211608], "prec_labels": [0.48073394495412847, 0.5326370757180157, 0.2, 0.3283582089552239, 0.5625695216907676, 0.5145518044237486, 0.0, 0.0, 0.43800757985923117, 0.4633699633699634, 0.4297520661157025, 0.25, 0.0, 0.5384615384615384], "rec_labels": [0.1598048185422385, 0.19083255378858746, 0.0005509641873278236, 0.023783783783783784, 0.4343065693430657, 0.40439158279963405, 0.0, 0.0, 0.3970876963350785, 0.14473684210526316, 0.1281577325939618, 0.012248468941382326, 0.0, 0.18911819887429643], "hamm_loss": 0.07681724823075034, "jaccard_samples": 0.1485936232595867}