{"avg_auc_roc": 0.9520167524974978, "avg_b_acc": 0.8333767283006874, "avg_g_mean": 0.8208321076865908, "avg_f1_score": 0.8347479716808849}