{"test_b_acc": 0.8333767283006874, "test_g_mean": 0.8208321076865908, "test_f1": 0.8347479716808849}