{"avg_auc_roc": 0.9405027197095238, "avg_b_acc": 0.7452778786994568, "avg_g_mean": 0.7207053749815058, "avg_f1_score": 0.7370641662957057}