{"avg_auc_roc": 0.9290973512096553, "avg_b_acc": 0.7117544251785637, "avg_g_mean": 0.673486196041451, "avg_f1_score": 0.6750470008663491}