{"avg_auc_roc": 0.9302222531594578, "avg_b_acc": 0.706980520896748, "avg_g_mean": 0.6678678517648465, "avg_f1_score": 0.6816277682241375}