{"test_b_acc": 0.7116919566741742, "test_g_mean": 0.5748207471402668, "test_f1": 0.6538280956904957}