{"avg_auc_roc": 0.9291281120719198, "avg_b_acc": 0.713680994293929, "avg_g_mean": 0.6786179377004965, "avg_f1_score": 0.6914613997499115}