{"test_b_acc": 0.7505660175438453, "test_g_mean": 0.7196842041013624, "test_f1": 0.7518645273335591}