{"avg_auc_roc": 0.9422447299611442, "avg_b_acc": 0.7505660175438453, "avg_g_mean": 0.7196842041013624, "avg_f1_score": 0.7518645273335591}