{"acc": 0.33946710423503673, "roc_auc": 0.757961599078751, "f1_macro": 0.17071324191339904, "f1_micro": 0.23666398692979956, "prec_macro": 0.360965045475953, "prec_micro": 0.40184940554821663, "rec_macro": 0.12806035909512836, "rec_micro": 0.1677203558038668, "f1_labels": [0.28375527426160335, 0.2228696285506191, 0.029456576942610464, 0.14555256064690028, 0.4266701805244433, 0.27599738391105294, 0.04928131416837782, 0.12631578947368421, 0.1755956298538897, 0.29419851525982954, 0.11855670103092784, 0.0885558583106267, 0.0035460992907801418, 0.1496338745622413], "prec_labels": [0.33499377334993774, 0.5032894736842105, 0.18831168831168832, 0.19320214669051877, 0.5523712043671102, 0.48394495412844035, 0.23076923076923078, 0.6666666666666666, 0.44915824915824915, 0.2832186341979884, 0.3627760252365931, 0.2, 0.1111111111111111, 0.49369747899159666], "rec_labels": [0.24611161939615736, 0.1431244153414406, 0.015977961432506887, 0.11675675675675676, 0.3475740661227995, 0.19304666056724612, 0.027586206896551724, 0.06976744186046512, 0.10912958115183247, 0.3060640732265446, 0.07085643869377696, 0.0568678915135608, 0.0018018018018018018, 0.08818011257035648], "hamm_loss": 0.08214174089701516, "jaccard_samples": 0.09540511352220211}