{"acc": 0.3491951867479294, "roc_auc": 0.7587610288012716, "f1_macro": 0.1526859288083521, "f1_micro": 0.22234636871508381, "prec_macro": 0.4042491401082426, "prec_micro": 0.4024460708782743, "rec_macro": 0.11853587696305291, "rec_micro": 0.153605822245093, "f1_labels": [0.1576923076923077, 0.180566182096404, 0.011771000535045479, 0.2041560335399198, 0.4593023255813953, 0.28992628992628994, 0.022522522522522525, 0.12903225806451613, 0.15926822706483723, 0.12721893491124261, 0.08040201005025126, 0.10834926704907585, 0.0034482758620689655, 0.20394736842105263], "prec_labels": [0.37230419977298523, 0.4957983193277311, 0.2037037037037037, 0.15401540154015403, 0.5010147133434805, 0.4411214953271028, 0.5555555555555556, 0.8571428571428571, 0.44780635400907715, 0.4607142857142857, 0.42857142857142855, 0.19953051643192488, 0.04, 0.5022091310751104], "rec_labels": [0.10003049710277524, 0.11038353601496725, 0.006060606060606061, 0.3027027027027027, 0.4240017174753113, 0.21591948764867339, 0.011494252873563218, 0.06976744186046512, 0.0968586387434555, 0.07379862700228833, 0.04436229205175601, 0.07436570428696412, 0.0018018018018018018, 0.1279549718574109], "hamm_loss": 0.08157524613220815, "jaccard_samples": 0.08611697140178153}