{
    "acc": 0.3124316299421785,
    "roc_auc": 0.7642410432565045,
    "f1_macro": 0.18448105878808643,
    "f1_micro": 0.286116637235398,
    "prec_macro": 0.30463609005896325,
    "prec_micro": 0.3650675945468028,
    "rec_macro": 0.15561686789034643,
    "rec_micro": 0.23524222597956332,
    "f1_labels": [
        0.14805644961624165,
        0.23032904148783975,
        0.13823019086176982,
        0.0659536541889483,
        0.4668330214181743,
        0.3411016949152542,
        0.0717948717948718,
        0.022727272727272724,
        0.34385366315989,
        0.22341184867951464,
        0.2123067949839603,
        0.025869037995149557,
        0.0033500837520938024,
        0.28891719745222927
    ],
    "prec_labels": [
        0.39342105263157895,
        0.48936170212765956,
        0.14546561168594035,
        0.18781725888324874,
        0.4526209677419355,
        0.4050314465408805,
        0.14,
        0.5,
        0.40865059698130207,
        0.2969639468690702,
        0.20155038759689922,
        0.1702127659574468,
        0.023809523809523808,
        0.45
    ],
    "rec_labels": [
        0.0911863372979567,
        0.15060804490177737,
        0.13168044077134985,
        0.04,
        0.4819665092314298,
        0.2946020128087832,
        0.04827586206896552,
        0.011627906976744186,
        0.29679319371727747,
        0.17906178489702518,
        0.22427603203943314,
        0.01399825021872266,
        0.0018018018018018018,
        0.2127579737335835
    ],
    "hamm_loss": 0.08912385863862657,
    "jaccard_samples": 0.13023854173643204
}