{"acc": 0.35571964369432724, "roc_auc": 0.7611477725313548, "f1_macro": 0.14957815715839287, "f1_micro": 0.22280759521457577, "prec_macro": 0.3449887934321928, "prec_micro": 0.43948906689759687, "rec_macro": 0.10471070804608643, "rec_micro": 0.1492317871057855, "f1_labels": [0.24026106465429328, 0.27600271923861325, 0.07341772151898734, 0.06346328195829556, 0.38836342791630835, 0.35072142064372913, 0.0, 0.022727272727272724, 0.23488814850071396, 0.11800302571860818, 0.1137692716640085, 0.07492795389048992, 0.0, 0.1375488917861799], "prec_labels": [0.3626847290640394, 0.5049751243781094, 0.15675675675675677, 0.19662921348314608, 0.584051724137931, 0.44569816643159377, 0.0, 0.5, 0.4306282722513089, 0.4978723404255319, 0.41472868217054265, 0.21224489795918366, 0.0, 0.5235732009925558], "rec_labels": [0.1796279353461421, 0.18989710009354538, 0.047933884297520664, 0.03783783783783784, 0.29089738085015027, 0.2891125343092406, 0.0, 0.011627906976744186, 0.16148560209424084, 0.06693363844393593, 0.06592729513247074, 0.045494313210848646, 0.0, 0.07917448405253283], "hamm_loss": 0.07904136807090394, "jaccard_samples": 0.08892330646901675}